{"cameraMode":{"drawMode":2,"name":"Shaded Wireframe","section":"Shading Mode"},"sceneLighting":false,"audioPlay":false,"sceneViewState":{"showFog":true,"showMaterialUpdate":false,"showSkybox":true,"showFlares":true,"showImageEffects":true,"showParticleSystems":true},"in2DMode":false,"pivot":{"x":0.1260242462158203,"y":2.758387565612793,"z":-0.4876580238342285},"rotation":{"x":0.025629490613937379,"y":0.7530122399330139,"z":0.02938176691532135,"w":-0.6568504571914673},"size":21.056564331054689,"orthographic":false}