{"cameraMode":{"drawMode":2,"name":"Shaded Wireframe","section":"Shading Mode"},"sceneLighting":false,"audioPlay":false,"sceneViewState":{"showFog":true,"showMaterialUpdate":false,"showSkybox":true,"showFlares":true,"showImageEffects":true,"showParticleSystems":true},"in2DMode":false,"pivot":{"x":0.5471047163009644,"y":0.31351208686828616,"z":0.03859448432922363},"rotation":{"x":0.3356412649154663,"y":-0.1433466225862503,"z":0.05175761133432388,"w":0.9295794367790222},"size":4.365302562713623,"orthographic":false}