{"cameraMode":{"drawMode":2,"name":"Shaded Wireframe","section":"Shading Mode"},"sceneLighting":true,"audioPlay":false,"sceneViewState":{"showFog":true,"showMaterialUpdate":false,"showSkybox":true,"showFlares":true,"showImageEffects":true,"showParticleSystems":true},"in2DMode":false,"pivot":{"x":5.192342758178711,"y":3.7461657524108888,"z":8.980277061462403},"rotation":{"x":0.1583268791437149,"y":-0.007405812386423349,"z":0.0011874500196427107,"w":0.9873582720756531},"size":24.143619537353517,"orthographic":false}