{"cameraMode":{"drawMode":2,"name":"Shaded Wireframe","section":"Shading Mode"},"sceneLighting":true,"audioPlay":false,"sceneViewState":{"showFog":true,"showMaterialUpdate":false,"showSkybox":true,"showFlares":true,"showImageEffects":true,"showParticleSystems":true},"in2DMode":false,"pivot":{"x":11.828112602233887,"y":3.1006040573120119,"z":12.579290390014649},"rotation":{"x":0.15583965182304383,"y":-0.5908044576644898,"z":0.11761165410280228,"w":0.7828356623649597},"size":16.271926879882814,"orthographic":false}