{"cameraMode":{"drawMode":2,"name":"Shaded Wireframe","section":"Shading Mode"},"sceneLighting":true,"audioPlay":false,"sceneViewState":{"showFog":true,"showMaterialUpdate":false,"showSkybox":true,"showFlares":true,"showImageEffects":true,"showParticleSystems":true},"in2DMode":false,"pivot":{"x":7.574908256530762,"y":3.8784232139587404,"z":14.761677742004395},"rotation":{"x":0.1405326873064041,"y":0.0029701751191169025,"z":-0.00042158266296610236,"w":0.9900715351104736},"size":56.479000091552737,"orthographic":false}