{"cameraMode":{"drawMode":0,"name":"Shaded","section":"Shading Mode"},"sceneLighting":true,"audioPlay":false,"sceneViewState":{"showFog":true,"showMaterialUpdate":false,"showSkybox":true,"showFlares":true,"showImageEffects":true,"showParticleSystems":true},"in2DMode":false,"pivot":{"x":15.746968269348145,"y":2.023897171020508,"z":3.9626190662384035},"rotation":{"x":0.07467186450958252,"y":0.7830412983894348,"z":-0.09585661441087723,"w":0.6099852323532105},"size":10.0,"orthographic":false}