{"cameraMode":{"drawMode":0,"name":"Shaded","section":"Shading Mode"},"sceneLighting":false,"audioPlay":false,"sceneViewState":{"showFog":true,"showMaterialUpdate":false,"showSkybox":true,"showFlares":true,"showImageEffects":true,"showParticleSystems":true},"in2DMode":false,"pivot":{"x":8.162374496459961,"y":4.230390548706055,"z":2.4659523963928224},"rotation":{"x":-0.05089564621448517,"y":-0.937333881855011,"z":0.1549331247806549,"w":-0.3079131841659546},"size":5.700001239776611,"orthographic":false}