{"cameraMode":{"drawMode":0,"name":"Shaded","section":"Shading Mode"},"sceneLighting":false,"audioPlay":false,"sceneViewState":{"showFog":true,"showMaterialUpdate":false,"showSkybox":true,"showFlares":true,"showImageEffects":true,"showParticleSystems":true},"in2DMode":false,"pivot":{"x":1.054438829421997,"y":1.4162086248397828,"z":-4.038456439971924},"rotation":{"x":-0.2605742812156677,"y":0.28486010432243349,"z":-0.08077564090490341,"w":-0.9189292788505554},"size":2.033653974533081,"orthographic":false}