{"cameraMode":{"drawMode":0,"name":"Shaded","section":"Shading Mode"},"sceneLighting":false,"audioPlay":false,"sceneViewState":{"showFog":true,"showMaterialUpdate":false,"showSkybox":true,"showFlares":true,"showImageEffects":true,"showParticleSystems":true},"in2DMode":false,"pivot":{"x":1.0814083814620972,"y":0.653365433216095,"z":5.6871418952941898},"rotation":{"x":0.021366875618696214,"y":0.9627427458763123,"z":-0.25746092200279238,"w":0.0798986554145813},"size":1.2549083232879639,"orthographic":false}